,total_cells,total_genes,n_ct,ct_less_cells,ct_more_cells,highest_expressed,readsxcell
9968be68-ab65-4a38-9e1a-c9b6abece194,9313.0,212.0,13.0,0.001503274991946741,0.620637818103726,103.10372597444433,708.3280360785998
574e9f9e-f8b4-41ef-bf19-89a9964fd9c7,9634.0,166.0,24.0,0.003010172306414781,0.24226697114386547,212.731887066639,1101.0120406892256
ed852810-a003-4386-9846-1638362cee39,417.0,226.0,5.0,0.03597122302158273,0.7985611510791367,9.18705035971223,74.53237410071942
e2a3c32d-71e2-4f38-b19c-dfcb8729cf46,7420.0,220.0,5.0,0.0014824797843665768,0.6016172506738544,200.09636118598382,1517.3548517520217
ae5341b8-60fb-4fac-86db-86e49ee66287,8839.0,174.0,13.0,0.010974092091865596,0.3053512840819097,246.30931100803258,1035.146396651205
96a3f64b-0ee9-40d8-91e9-813ce38261c9,8839.0,173.0,13.0,0.010974092091865596,0.3053512840819097,99.68073311460573,865.9863106686277
6ceeaa86-9ceb-4582-b390-6d4dd6ff0572,10453.0,175.0,20.0,0.0010523294747919257,0.48416722472017604,235.32143882139098,638.2422271118339
ddb22b3d-a75c-4dd1-9730-dff7fc8ca530,30099.0,233.0,11.0,0.025250008305923784,0.24741685770291372,106.31143891823649,760.3083823382836
11ff73e8-d3e4-4445-9309-477a2c5be6f6,18219.0,183.0,5.0,0.0027443877270980845,0.8483451342005599,92.68703002360174,1227.178549865525
9fcb0b73-c734-40a5-be9c-ace7eea401c9,8140.0,149.0,23.0,0.007002457002457003,0.18255528255528256,148.3541769041769,659.7411547911548
218acb0f-9f2f-4f76-b90b-15a4b7c7f629,8448.0,189.0,9.0,0.002130681818181818,0.3697916666666667,145.00982481060606,1155.7633759469697
f72958f5-7f42-4ebb-98da-445b0c6de516,3732.0,216.0,8.0,0.0034833869239013935,0.4742765273311897,742.7813504823151,2422.0155412647373
b46237d1-19c6-4af2-9335-9854634bad16,10746.0,192.0,20.0,0.0011166945840312675,0.2761027359017309,273.39177368323095,3441.7307835473666
9ea768a2-87ab-46b6-a73d-c4e915f25af3,15000.0,192.0,9.0,0.0008666666666666666,0.9376,77.75993333333334,420.5403333333333
2a7f90de-098a-4a6f-ac07-9e6462792412,6282.0,147.0,3.0,0.1507481693728112,0.6852913085004776,592.4547914676855,2828.10888252149
5bc42b88-bb76-4954-927b-8bb7369adc64,8328.0,213.0,15.0,0.0024015369836695487,0.39613352545629205,374.13640730067243,1693.7405139289144
7bb64315-9e5a-41b9-9235-59acf9642a3e,15939.0,160.0,25.0,0.0007528703180877094,0.5143986448334275,371.28508689378253,1356.5039839387666
773b9b2e-70c8-40be-8cbb-e7b5abab360d,12582.0,210.0,7.0,0.0015100937847718965,0.6516452074391988,391.56159593069464,1909.161738992211
644a578d-ffdc-446b-9679-e7ab4c919c13,7396.0,192.0,19.0,0.0016224986479177934,0.18320713899405083,268.6337209302326,1719.4871552190373
ae4f8ddd-cac9-4172-9681-2175da462f2e,8028.0,222.0,7.0,0.002242152466367713,0.5454658694569009,36.99975087194818,442.59404583956155
ecf2e08e-2032-4a9e-b466-b65b395f4a02,10751.0,142.0,3.0,0.00883638731280811,0.9405636684959539,311.0207422565343,1539.5755743651753
01209dce-3575-4bed-b1df-129f57fbc031,16185.0,203.0,6.0,0.012171763978992894,0.40710534445474206,66.73246833487798,1323.2655545257956
804d9a85-665b-45c6-b204-13457fdcc7ac,7932.0,167.0,10.0,0.005547150781643974,0.5940494200706001,1047.5504286434696,7580.6805345436205
94c41723-b2c4-4b59-a49a-64c9b851903e,9327.0,231.0,8.0,0.011257639112254744,0.2629998927843894,32.13133912297631,416.72156105929025
518d9049-2a76-44f8-8abc-1e2b59ab5ba1,14300.0,149.0,17.0,0.002307692307692308,0.2878321678321678,110.29027972027973,441.77804195804197
5ce42b38-d867-487f-9b40-e8bb00b21d0b,2941.0,205.0,6.0,0.011220673240394424,0.5283917035022101,140.29309758585515,1266.5555933356002
aa633105-e8e5-4dcc-b72d-6da6c191b3e9,10836.0,175.0,14.0,0.003137689184200812,0.26384274640088595,288.9607788851975,3171.0236249538575
56c4912d-2bae-4b64-98f2-af8a84389208,11756.0,214.0,7.0,0.000935692412385165,0.8683225586934331,68.83829533855052,520.8359986389928
2872f4b0-b171-46e2-abc6-befcf6de6306,18231.0,148.0,19.0,0.0009324776479622621,0.2755745707860238,2448.310131095387,5720.897537161977
1a38e762-2465-418f-b81c-6a4bce261c34,12758.0,246.0,6.0,0.011443799968647124,0.6022887599937294,187.7430631760464,910.2867220567487
3294d050-6eeb-4a00-b24c-71aacc9b777f,8150.0,181.0,4.0,0.0013496932515337423,0.48184049079754604,4498.806134969325,7835.861226993865
d567b692-c374-4628-a508-8008f6778f22,15684.0,237.0,9.0,0.0022953328232593728,0.5063759245090538,47.18834480999745,295.98367763325683
f512b8b6-369d-4a85-a695-116e0806857f,11291.0,237.0,8.0,0.0025684173235320166,0.5483128155167832,276.16437870870607,1919.283765831193
c3fe3c1e-5bf8-4678-b74a-79899243ad41,9833.0,211.0,9.0,0.0011186819892199736,0.45398149089799655,208.30255262890267,1553.542459066409
9ddea8d9-cc4c-420a-90f6-880996f808d4,18420.0,219.0,10.0,0.012975027144408251,0.5272529858849077,139.92817589576546,1573.3399565689467
6c600df6-ddca-4628-a8bb-1d6de1e3f9b4,2518.0,244.0,7.0,0.014297061159650517,0.29348689436060366,61.86219221604448,307.39992057188243
d5c67a4e-a8d9-456d-a273-fa01adb1b308,1794.0,214.0,7.0,0.023968784838350056,0.5863991081382386,269.97435897435895,961.5211817168339
2672b679-8048-4f5e-9786-f1b196ccfd08,13563.0,197.0,20.0,0.0008110300081103001,0.2852613728526137,412.2976480129765,1679.559905625599
576f193c-75d0-4a11-bd25-8676587e6dc2,11294.0,198.0,6.0,0.0021250221356472463,0.9810518859571454,188.75447140074377,1332.7576589339471
dfdf1ae2-d624-4004-9353-f18b902f6bca,10071.0,201.0,7.0,0.027604011518220634,0.5369873895343065,193.8217654651971,1723.8528448019065
d0c12af4-c0e4-4c7b-873a-70752b449689,4065.0,230.0,9.0,0.005904059040590406,0.3990159901599016,323.64329643296435,1464.9040590405905
105c7dad-0468-4628-a5be-2bb42c6a8ae4,15021.0,191.0,9.0,0.0008654550296251914,0.9362891951268224,77.95206710605153,420.1025897077425
a37f857c-779f-464e-9310-3db43a1811e7,8024.0,160.0,17.0,0.0024925224327018943,0.22719341974077767,229.48753738783648,1130.8543120638085
74cff64f-9da9-4b2a-9b3b-8a04a1598040,12182.0,200.0,8.0,0.001231324905598424,0.8300771630274175,319.86808405844687,1823.2123625020522
2aa1c93c-4ef3-4e9a-98e7-0bd37933953c,7247.0,162.0,17.0,0.00607147785290465,0.2987443079895129,465.57899820615427,3886.0587829446667
842c6f5d-4a94-4eef-8510-8c792d1124bc,14639.0,192.0,14.0,0.0010246601543821298,0.29933738643349955,625.3882778878339,3326.6093312384724
d4e69e01-3ba2-4d6b-a15d-e7048f78f22e,15354.0,196.0,17.0,0.0009769441187964048,0.5007815552950371,48.78813338543702,243.12114107073074
dd018fc0-8da7-4033-a2ba-6b47de8ebb4f,2662.0,187.0,4.0,0.021788129226145755,0.8767843726521413,246.5755071374906,851.5702479338843
e5233a94-9e43-418c-8209-6f1400c31530,15939.0,160.0,25.0,0.0007528703180877094,0.5143986448334275,371.29857582031497,1356.508814856641
c888b684-6c51-431f-972a-6c963044cef0,11757.0,214.0,7.0,0.0009356128264012928,0.8682487029003998,68.8379688696096,520.814493493238
fe4b89d5-461e-440c-a5a8-621b37b122c0,3175.0,197.0,8.0,0.005669291338582677,0.3763779527559055,99.19905511811024,744.7798425196851
b07fb54c-d7ad-4995-8bb0-8f3d8611cabe,11715.0,143.0,12.0,0.0011096884336320957,0.6177550149381136,301.555185659411,1630.233546734955
65badd7a-9262-4fd1-9ce2-eb5dc0ca8039,10543.0,226.0,10.0,0.0013278952859717347,0.5455752632078156,56.261974769989564,316.9924120269373
572f3f3e-d3e4-4d13-8e2b-88215e508481,3117.0,196.0,6.0,0.03593198588386269,0.6531921719602182,327.130253448829,451.6977863330125
